{
  "params_to_fit": [
    "t_0",
    "t_E",
    "u_0",
    "log_rho",
    "log_s",
    "log_q",
    "alpha"
  ],
  "burn_in": 300,
  "n_walkers": 25,
  "n_steps": 1000,
  "n_params": 7,
  "n_posterior_samples": 17500,
  "has_lnprob": true,
  "mle_fitting_space": {
    "t_0": 2458394.4187961267,
    "t_E": 9.914145197904137,
    "u_0": -0.13902073552547517,
    "log_rho": -1.3028853654494035,
    "log_s": -0.13013376639879015,
    "log_q": -3.8473248937784508,
    "alpha": 13.892317478484822
  },
  "mle_linear": {
    "t_0": 2458394.4187961267,
    "t_E": 9.914145197904137,
    "u_0": -0.13902073552547517,
    "rho": 0.04978684829139086,
    "s": 0.7410819465939106,
    "q": 0.00014212651471583502,
    "alpha": 13.892317478484822
  },
  "all_model_params": {
    "t_0": 2458394.4187961267,
    "u_0": -0.13902073552547517,
    "t_E": 9.914145197904137,
    "rho": 0.04978684829139086,
    "s": 0.7410819465939106,
    "q": 0.00014212651471583502,
    "alpha": 13.892317478484822
  },
  "medians": [
    2458394.4189010058,
    9.94791184217965,
    -0.1384860064456931,
    -2.3220476337716796,
    -0.1296272406173521,
    -3.791118750302206,
    13.929044228807644
  ],
  "upper_errors": [
    0.0015793018974363804,
    0.0953050720647628,
    0.0013619756917703507,
    1.3151314079987972,
    0.0010497971042601473,
    0.08794430593038394,
    0.09327345673004572
  ],
  "lower_errors": [
    0.0025925412774086,
    0.05619578320183827,
    0.0010014076610641853,
    2.2819019673645635,
    0.000797749774678197,
    0.05341868208886558,
    0.0456117107916274
  ],
  "mle_chi2": 4822.868144890936,
  "mle_delta_chi2": -33.13185510906442,
  "mean_acceptance": 0.42007999999999995,
  "autocorr_times": null,
  "r_hat_values": [
    2.2940321825306333,
    1.2872309674139644,
    1.2470271415878096,
    1.094552642679998,
    9.179604251150044,
    2.4807935560851555,
    1.419564785552295
  ],
  "eff_sizes": [
    24.475524475524477,
    122.37762237762237,
    135.65891472868216,
    89.74358974358974,
    20.759193357058127,
    58.92255892255892,
    100.0
  ],
  "convergence_issues": [
    "6 parameters have R-hat > 1.1",
    "Low effective sample sizes"
  ],
  "recommendations": [
    "- Run longer chains for better mixing",
    "- Run longer chains to increase effective sample size"
  ]
}