{
  "params_to_fit": [
    "t_0",
    "t_E",
    "u_0",
    "log_rho",
    "log_s",
    "log_q",
    "alpha"
  ],
  "burn_in": 1500,
  "n_walkers": 100,
  "n_steps": 5000,
  "n_params": 7,
  "n_posterior_samples": 350000,
  "has_lnprob": true,
  "mle_fitting_space": {
    "t_0": 2458394.4248921345,
    "t_E": 9.243712330816956,
    "u_0": -0.1500043564126022,
    "log_rho": -1.3992222198260915,
    "log_s": -0.1535510651070689,
    "log_q": -3.487974585063972,
    "alpha": 15.307399381610852
  },
  "mle_linear": {
    "t_0": 2458394.4248921345,
    "t_E": 9.243712330816956,
    "u_0": -0.1500043564126022,
    "rho": 0.03988207815033285,
    "s": 0.7021807752341904,
    "q": 0.00032510632206791154,
    "alpha": 15.307399381610852
  },
  "all_model_params": {
    "t_0": 2458394.4248921345,
    "t_E": 9.243712330816956,
    "u_0": -0.1500043564126022,
    "rho": 0.03988207815033285,
    "s": 0.7021807752341904,
    "q": 0.00032510632206791154,
    "alpha": 15.307399381610852
  },
  "medians": [
    2458394.4124924694,
    9.2184709270708,
    -0.151028099447253,
    -3.956992933103712,
    -0.1633972476689623,
    -3.6930835646172273,
    14.718598639898492
  ],
  "upper_errors": [
    0.0009531164541840553,
    0.03657637249867918,
    0.0008010613656058707,
    0.7375575164119699,
    0.000808705949820937,
    0.020048521296674338,
    0.06184217503711764
  ],
  "lower_errors": [
    0.0008790697902441025,
    0.03552020591978078,
    0.000775339604964842,
    0.7074658846003015,
    0.0007755593860997445,
    0.018353831384180008,
    0.057277856437320196
  ],
  "mle_chi2": 10824.67615375366,
  "mle_delta_chi2": 5968.67615375366,
  "mean_acceptance": 0.43291599999999997,
  "autocorr_times": null,
  "r_hat_values": [
    2.682604449221775,
    1.0417938931263426,
    1.0616514500636471,
    1.2800001445609748,
    2.4205569827979705,
    2.2058399115443064,
    2.091015338452399
  ],
  "eff_sizes": [
    89.53696597595292,
    3684.2105263157896,
    3398.0582524271845,
    1104.1009463722398,
    94.87666034155598,
    96.60502346121999,
    98.50830284266817
  ],
  "convergence_issues": [
    "5 parameters have R-hat > 1.1",
    "Low effective sample sizes"
  ],
  "recommendations": [
    "- Run longer chains for better mixing",
    "- Run longer chains to increase effective sample size"
  ]
}