{
  "params_to_fit": [
    "t_0",
    "t_E",
    "u_0",
    "log_rho",
    "log_s",
    "log_q",
    "alpha"
  ],
  "burn_in": 1500,
  "n_walkers": 100,
  "n_steps": 5000,
  "n_params": 7,
  "n_posterior_samples": 350000,
  "has_lnprob": true,
  "mle_fitting_space": {
    "t_0": 2458394.4186107307,
    "t_E": 9.915163048566399,
    "u_0": -0.13901244687720704,
    "log_rho": -2.5041661778040956,
    "log_s": -0.13020892620392108,
    "log_q": -3.837648494876925,
    "alpha": 13.908402208631454
  },
  "mle_linear": {
    "t_0": 2458394.4186107307,
    "t_E": 9.915163048566399,
    "u_0": -0.13901244687720704,
    "rho": 0.0031320870378043235,
    "s": 0.7409537046807498,
    "q": 0.00014532873895839368,
    "alpha": 13.908402208631454
  },
  "all_model_params": {
    "t_0": 2458394.4186107307,
    "t_E": 9.915163048566399,
    "u_0": -0.13901244687720704,
    "rho": 0.0031320870378043235,
    "s": 0.7409537046807498,
    "q": 0.00014532873895839368,
    "alpha": 13.908402208631454
  },
  "medians": [
    2458394.418707393,
    9.9117012848883,
    -0.13903794234132466,
    -3.593617137274639,
    -0.1301567619045534,
    -3.8434407146777936,
    13.89808750108509
  ],
  "upper_errors": [
    0.0008665099740028381,
    0.03993183945108569,
    0.0007056808722527563,
    0.9347636159852577,
    0.0005279918813482498,
    0.01246964801294137,
    0.032687192091138684
  ],
  "lower_errors": [
    0.0008682664483785629,
    0.03929034337208037,
    0.0007132371635359958,
    0.9492165054544985,
    0.0005386764342724393,
    0.012109363371823001,
    0.032170077680685694
  ],
  "mle_chi2": 4822.5575754207775,
  "mle_delta_chi2": -33.44242457922246,
  "mean_acceptance": 0.44275200000000003,
  "autocorr_times": null,
  "r_hat_values": [
    1.0258062945951423,
    1.0272013251997145,
    1.0266810810260183,
    1.0305294422610969,
    1.0276238916964864,
    1.0301513665010305,
    1.0311573633777078
  ],
  "eff_sizes": [
    3846.153846153846,
    3684.2105263157896,
    3684.2105263157896,
    3153.153153153153,
    3684.2105263157896,
    3763.440860215054,
    3608.2474226804125
  ],
  "convergence_issues": [],
  "recommendations": []
}